[
    {
        "Id": "A",
        "Name": "01:00 am"
    },
    {
        "Id": "B",
        "Name": "02:00 am"
    },
    {
        "Id": "C",
        "Name": "03:00 am"
    },
    {
        "Id": "D",
        "Name": "04:00 am"
    },
    {
        "Id": "E",
        "Name": "05:00 am"
    },
    {
        "Id": "F",
        "Name": "06:00 am"
    },
    {
        "Id": "G",
        "Name": "07:00 am"
    },
    {
        "Id": "H",
        "Name": "08:00 am"
    },
    {
        "Id": "I",
        "Name": "09:00 am"
    },
    {
        "Id": "J",
        "Name": "10:00 am"
    },
    {
        "Id": "K",
        "Name": "11:00 am"
    },
    {
        "Id": "L",
        "Name": "12:00 am"
    },
    {
        "Id": "M",
        "Name": "01:00 pm"
    },
    {
        "Id": "N",
        "Name": "02:00 pm"
    },
    {
        "Id": "O",
        "Name": "03:00 pm"
    },
    {
        "Id": "P",
        "Name": "04:00 pm"
    },
    {
        "Id": "Q",
        "Name": "05:00 pm"
    },
    {
        "Id": "R",
        "Name": "06:00 pm"
    },
    {
        "Id": "S",
        "Name": "07:00 pm"
    },
    {
        "Id": "T",
        "Name": "08:00 pm"
    },
    {
        "Id": "U",
        "Name": "09:00 pm"
    },
    {
        "Id": "V",
        "Name": "10:00 pm"
    },
    {
        "Id": "W",
        "Name": "11:00 pm"
    },
    {
        "Id": "X",
        "Name": "00:00"
    }
]