[
  {
    "id": 0,
    "label": "Información del Aplicante"
  },
  {
    "id": 1,
    "label": "Uso Interno"
  },
  {
    "id": 2,
    "label": "Perfil"
  },
  {
    "id": 3,
    "label": "Verificación de Antecedentes"
  },
  {
    "id": 4,
    "label": "No Divulgación"
  },
  {
    "id": 5,
    "label": "Código de Conducta"
  },
  {
    "id": 6,
    "label": "Anti-Acoso"
  },
  {
    "id": 7,
    "label": "Compensación del Trabajador"
  },
  {
    "id": 8,
    "label": "I9"
  },
  {
    "id": 9,
    "label": "Documentos"
  },
  {
    "id": 10,
    "label": "W4"
  },
  {
    "id": 10,
    "label": "Uso Interno"
  },
  {
    "id": 11,
    "label": "Resumen"
  }
]