[
  {
    "id": 0,
    "description": "January"
  },
  {
    "id": 1,
    "description": "February"
  },
  {
    "id": 2,
    "description": "March"
  },
  {
    "id": 3,
    "description": "April"
  },
  {
    "id": 4,
    "description": "May"
  },

  {
    "id": 5,
    "description": "June"
  },
  {
    "id": 6,
    "description": "July"
  },
  {
    "id": 7,
    "description": "August"
  },
  {
    "id": 8,
    "description": "September"
  },
  {
    "id": 9,
    "description": "October"
  },
  {
    "id": 10,
    "description": "November"
  },
  {
    "id": 11,
    "description": "December"
  }
]