[
  {
    "id": 0,
    "label": "Applicant Information"
  },
  {
    "id": 1,
    "label": "Internal Use"
  },
  {
    "id": 2,
    "label": "Profile"
  },
  {
    "id": 3,
    "label": "Background Check"
  },
  {
    "id": 4,
    "label": "Non-Disclosure"
  },
  {
    "id": 5,
    "label": "Code of Conduct"
  },
  {
    "id": 6,
    "label": "Anti-Harassment"
  },
  {
    "id": 7,
    "label": "Worker's Compensation"
  },
  {
    "id": 8,
    "label": "I9"
  },
  {
    "id": 9,
    "label": "Documents"
  },
  {
    "id": 10,
    "label": "W4"
  },
  {
    "id": 11,
    "label": "Summary"
  },
  {
    "id": 12,
    "label": "Independen Contract"
  }
]