[
  {
    "id": 0,
    "label": "First Name"
  },
  {
    "id": 1,
    "label": "Middle Name"
  },
  {
    "id": 2,
    "label": "Last Name"
  },
  {
    "id": 3,
    "label": "Today Date"
  },
  {
    "id": 4,
    "label": "Apt Number"
  },
  {
    "id": 5,
    "label": "ZIP Code"
  },
  {
    "id": 6,
    "label": "State"
  },
  {
    "id": 7,
    "label": "City"
  },
  {
    "id": 8,
    "label": "Home Phone"
  },
  {
    "id": 9,
    "label": "Home Phone"
  },
  {
    "id": 10,
    "label": "Cell Phone"
  },
  {
    "id": 11,
    "label": "Social Security Number"
  },
  {
    "id": 12,
    "label": "Date of Birth"
  },
  {
    "id": 13,
    "label": "Email Address"
  },
  {
    "id": 14,
    "label": "Type of ID"
  },
  {
    "id": 15,
    "label": "ID Expiration Date"
  },
  {
    "id": 16,
    "label": "Willing to work as"
  },
  {
    "id": 17,
    "label": "Position Applying For"
  },
  {
    "id": 18,
    "label": "Date Available"
  },
  {
    "id": 19,
    "label": "Do you have any schedule restrictions?"
  },
  {
    "id": 20,
    "label": "Have you ever been convicted of a felony?"
  },
  {
    "id": 21,
    "label": "If, yes explain"
  },
  {
    "id": 22,
    "label": "Street Address"
  },
  {
    "id": 23,
    "label": "Do you have transportation?"
  },
  {
    "id": 24,
    "label": "Second Last Name"
  },
  {
    "id": 25,
    "label": "Creation Date"
  },
  {
    "id": 26,
    "label": "Can you start Immediately?"
  },
  {
    "id": 27,
    "label": "How did you hear about Tumi Staffing"
  },
  {
    "id": 28,
    "label": "Name References"
  },
  {
    "id": 29,
    "label": "EEOC Ethnic Code"
  },
  {
    "id": 30,
    "label": "Exemptions"
  },
  {
    "id": 31,
    "label": "Area"
  },
  {
    "id": 32,
    "label": "Hire Type"
  },
  {
    "id": 33,
    "label": "Gender"
  },
  {
    "id": 34,
    "label": "Marital Status"
  },
  {
    "id": 35,
    "label": "Hire Date"
  },
  {
    "id": 36,
    "label": "Start Date"
  },
  {
    "id": 37,
    "label": "Employment Type"
  },
  {
    "id": 38,
    "label": "Comments"
  },
  {
    "id": 39,
    "label": "ID Number"
  }
]