[
  {
    "id": 0,
    "label": "Primer Nombre"
  },
  {
    "id": 1,
    "label": "Segundo Nombre"
  },
  {
    "id": 2,
    "label": "Apellidos"
  },
  {
    "id": 3,
    "label": "Fecha"
  },
  {
    "id": 4,
    "label": "Número de apartamento"
  },
  {
    "id": 5,
    "label": "Código ZIP"
  },
  {
    "id": 6,
    "label": "Estado"
  },
  {
    "id": 7,
    "label": "Ciudad"
  },
  {
    "id": 8,
    "label": "Teléfono de casa"
  },
  {
    "id": 9,
    "label": "Teléfono"
  },
  {
    "id": 10,
    "label": "Teléfono Móvil"
  },
  {
    "id": 11,
    "label": "Número de Seguridad Social"
  },
  {
    "id": 12,
    "label": "Fecha de Nacimiento"
  },
  {
    "id": 13,
    "label": "Dirección de Correo Electrónico"
  },
  {
    "id": 14,
    "label": "Tipo de Identificación"
  },
  {
    "id": 15,
    "label": "Fecha de Caducidad del Identificación"
  },
  {
    "id": 16,
    "label": "Posición Solicitada"
  },
  {
    "id": 17,
    "label": "Dispuesto a trabajar como"
  },
  {
    "id": 18,
    "label": "Fecha Disponible"
  },
  {
    "id": 19,
    "label": "¿Tienes alguna restricción de horario?"
  },
  {
    "id": 20,
    "label": "¿Alguna vez has sido condenado por un delito grave?"
  },
  {
    "id": 21,
    "label": "Comentarios general"
  },
  {
    "id": 22,
    "label": "Dirección"
  },
  {
    "id": 23,
    "label": "¿Tienes transporte?"
  },
  {
    "id": 24,
    "label": "Segundo Apellidos"
  }
]